{
    "square":
        [[-1, 0, 1], [-1, 0, -1], [1, 0, -1], [1, 0, 1], [-1, 0, 1]],

    "ctrlCross":
        [[-0.5, 0, -1.5], [0.5, 0, -1.5], [0.5, 0, -0.5], [1.5, 0, -0.5], [1.5, 0, 0.5], [0.5, 0, 0.5], [0.5, 0, 1.5], [-0.5, 0, 1.5], [-0.5, 0, 0.5], [-1.5, 0, 0.5], [-1.5, 0, -0.5], [-0.5, 0, -0.5], [-0.5, 0, -1.5]],

    "ctrlArrow":
        [[-0.5, 0, -1], [0.5, 0, -1], [0.5, 0, 0], [1, 0, 0], [0, 0, 1], [-1, 0, 0], [-0.5, 0, 0], [-0.5, 0, -1]],

    "ctrlMultiArrow":
        [[-1, 0, -1], [-1, 0, -3], [-2, 0, -3], [0, 0, -5], [2, 0, -3], [1, 0, -3], [1, 0, -1], [3, 0, -1], [3, 0, -2], [5, 0, 0], [3, 0, 2], [3, 0, 1], [1, 0, 1], [1, 0, 3], [2, 0, 3], [0, 0, 5], [-2, 0, 3], [-1, 0, 3], [-1, 0, 1], [-3, 0, 1], [-3, 0, 2], [-5, 0, 0], [-3, 0, -2], [-3, 0, -1], [-1, 0, -1]],
    
    "proxyBone":
        [[-1, 0, 0], [-1, 0, -1], [1, 0, 0], [-1, 0, 1], [-1, 0, 0], [-1, 1, 0], [1, 0, 0], [-1, -1, 0], [-1, 0, 0]],
    
    "cube":
        [[0.5, 0.5, -0.5], [0.5, 0.5, 0.5], [0.5, -0.5, 0.5], [0.5, -0.5, -0.5], [0.5, 0.5, -0.5], [-0.5, 0.5, -0.5], [-0.5, -0.5, -0.5], [-0.5, -0.5, 0.5], [-0.5, 0.5, 0.5], [0.5, 0.5, 0.5], [0.5, -0.5, 0.5], [-0.5, -0.5, 0.5], [-0.5, -0.5, -0.5], [0.5, -0.5, -0.5], [0.5, 0.5, -0.5], [-0.5, 0.5, -0.5], [-0.5, 0.5, 0.5], [0.5, 0.5, 0.5], [0.5, 0.5, -0.5]],

    "quadArrowBall":
        [[0, 0.35, -1.001567], [-0.336638, 0.677886, -0.751175], [-0.0959835, 0.677886, -0.751175], [-0.0959835, 0.850458, -0.500783], [-0.0959835, 0.954001, -0.0987656], [-0.500783, 0.850458, -0.0987656], [-0.751175, 0.677886, -0.0987656], [-0.751175, 0.677886, -0.336638], [-1.001567, 0.35, 0], [-0.751175, 0.677886, 0.336638], [-0.751175, 0.677886, 0.0987656], [-0.500783, 0.850458, 0.0987656], [-0.0959835, 0.954001, 0.0987656], [-0.0959835, 0.850458, 0.500783], [-0.0959835, 0.677886, 0.751175], [-0.336638, 0.677886, 0.751175], [0, 0.35, 1.001567], [0.336638, 0.677886, 0.751175], [0.0959835, 0.677886, 0.751175], [0.0959835, 0.850458, 0.500783], [0.0959835, 0.954001, 0.0987656], [0.500783, 0.850458, 0.0987656], [0.751175, 0.677886, 0.0987656], [0.751175, 0.677886, 0.336638], [1.001567, 0.35, 0], [0.751175, 0.677886, -0.336638], [0.751175, 0.677886, -0.0987656], [0.500783, 0.850458, -0.0987656], [0.0959835, 0.954001, -0.0987656], [0.0959835, 0.850458, -0.500783], [0.0959835, 0.677886, -0.751175], [0.336638, 0.677886, -0.751175], [0, 0.35, -1.001567]],
    
    "circleArrow":
        [[-1.084005, 0, -0.092136], [-0.791121, 0, -0.955956], [-0.707107, 0, -0.707107], [-0.570265, 0, -0.843948], [-0.205819, 0, -1.040044], [0.405223, 0, -0.978634], [0.881027, 0, -0.588697], [1.059487, 0, 0], [0.881027, 0, 0.588697], [0.405223, 0, 0.978634], [-0.205819, 0, 1.040044], [-0.570265, 0, 0.843948], [-0.707107, 0, 0.707107], [-0.791121, 0, 0.955956], [-1.084005, 0, 0.092136], [-0.315189, 0, 0.413069], [-0.540989, 0, 0.540989], [-0.436294, 0, 0.645682], [-0.157467, 0, 0.79571], [0.310025, 0, 0.748727], [0.67405, 0, 0.450396], [0.810585, 0, 0], [0.67405, 0, -0.450396], [0.310025, 0, -0.748727], [-0.157467, 0, -0.79571], [-0.436294, 0, -0.645682], [-0.540989, 0, -0.540989], [-0.315189, 0, -0.413069], [-1.084005, 0, -0.092136], [-0.791121, 0, -0.955956]],
    
    "pin":
        [[0, 0, 0], [0, 1.2, 0], [-0.235114, 1.276393, 0], [-0.380423, 1.476393, 0], [-0.380423, 1.723607, 0], [-0.235114, 1.923607, 0], [0, 2, 0], [0.235114, 1.923607, 0], [0.380423, 1.723607, 0], [0.380423, 1.476393, 0], [0.235114, 1.276393, 0], [0, 1.2, 0]],
    
    "doublePin":
        [[0, -1.2, 0], [-0.235114, -1.276393, 0], [-0.380423, -1.476393, 0], [-0.380423, -1.723607, 0], [-0.235114, -1.923607, 0], [0, -2, 0], [0.235114, -1.923607, 0], [0.380423, -1.723607, 0], [0.380423, -1.476393, 0], [0.235114, -1.276393, 0], [0, -1.2, 0], [0, 1.2, 0], [-0.235114, 1.276393, 0], [-0.380423, 1.476393, 0], [-0.380423, 1.723607, 0], [-0.235114, 1.923607, 0], [0, 2, 0], [0.235114, 1.923607, 0], [0.380423, 1.723607, 0], [0.380423, 1.476393, 0], [0.235114, 1.276393, 0], [0, 1.2, 0]],
    
    "quadPin":
        [[-1.2, 0, 0], [-1.276393, 0.235114, 0], [-1.476393, 0.380423, 0], [-1.723607, 0.380423, 0], [-1.923607, 0.235114, 0], [-2, 0, 0], [-1.923607, -0.235114, 0], [-1.723607, -0.380423, 0], [-1.476393, -0.380423, 0], [-1.276393, -0.235114, 0], [-1.2, 0, 0], [0, 0, 0], [1.2, 0, 0], [1.276393, 0.235114, 0], [1.476393, 0.380423, 0], [1.723607, 0.380423, 0], [1.923607, 0.235114, 0], [2, 0, 0], [1.923607, -0.235114, 0], [1.723607, -0.380423, 0], [1.476393, -0.380423, 0], [1.276393, -0.235114, 0], [1.2, 0, 0], [0, 0, 0], [0, -1.2, 0], [-0.235114, -1.276393, 0], [-0.380423, -1.476393, 0], [-0.380423, -1.723607, 0], [-0.235114, -1.923607, 0], [0, -2, 0], [0.235114, -1.923607, 0], [0.380423, -1.723607, 0], [0.380423, -1.476393, 0], [0.235114, -1.276393, 0], [0, -1.2, 0], [0, 0, 0], [0, 1.2, 0], [-0.235114, 1.276393, 0], [-0.380423, 1.476393, 0], [-0.380423, 1.723607, 0], [-0.235114, 1.923607, 0], [0, 2, 0], [0.235114, 1.923607, 0], [0.380423, 1.723607, 0], [0.380423, 1.476393, 0], [0.235114, 1.276393, 0], [0, 1.2, 0]],
    
    "sphere":
        [[0, 1, 0], [-0.382683, 0.92388, 0], [-0.707107, 0.707107, 0], [-0.92388, 0.382683, 0], [-1, 0, 0], [-0.92388, -0.382683, 0], [-0.707107, -0.707107, 0], [-0.382683, -0.92388, 0], [0, -1, 0], [0.382683, -0.92388, 0], [0.707107, -0.707107, 0], [0.92388, -0.382683, 0], [1, 0, 0], [0.92388, 0.382683, 0], [0.707107, 0.707107, 0], [0.382683, 0.92388, 0], [0, 1, 0], [0, 0.92388, 0.382683], [0, 0.707107, 0.707107], [0, 0.382683, 0.92388], [0, 0, 1], [0, -0.382683, 0.92388], [0, -0.707107, 0.707107], [0, -0.92388, 0.382683], [0, -1, 0], [0, -0.92388, -0.382683], [0, -0.707107, -0.707107], [0, -0.382683, -0.92388], [0, 0, -1], [0, 0.382683, -0.92388], [0, 0.707107, -0.707107], [0, 0.92388, -0.382683], [0, 1, 0], [-0.382683, 0.92388, 0], [-0.707107, 0.707107, 0], [-0.92388, 0.382683, 0], [-1, 0, 0], [-0.92388, 0, 0.382683], [-0.707107, 0, 0.707107], [-0.382683, 0, 0.92388], [0, 0, 1], [0.382683, 0, 0.92388], [0.707107, 0, 0.707107], [0.92388, 0, 0.382683], [1, 0, 0], [0.92388, 0, -0.382683], [0.707107, 0, -0.707107], [0.382683, 0, -0.92388], [0, 0, -1], [-0.382683, 0, -0.92388], [-0.707107, 0, -0.707107], [-0.92388, 0, -0.382683], [-1, 0, 0]],
    
    "dumbBell":
        [[0, 0.5, 0], [-1, 0.5, 0], [-0.707107, 0.5, -0.707107], [0, 0.5, -1], [0, 0.5, 0], [0, 0.5, -1], [0.707107, 0.5, -0.707107], [1, 0.5, 0], [0, 0.5, 0], [1, 0.5, 0], [0.707107, 0.5, 0.707107], [0, 0.5, 1], [0, 0.5, 0], [0, 0.5, 1], [-0.707107, 0.5, 0.707107], [-1, 0.5, 0], [0, 0.5, 0], [0, -0.5, 0], [-1, -0.5, 0], [-0.707107, -0.5, -0.707107], [0, -0.5, -1], [0, -0.5, 0], [0, -0.5, -1], [0.707107, -0.5, -0.707107], [1, -0.5, 0], [0, -0.5, 0], [1, -0.5, 0], [0.707107, -0.5, 0.707107], [0, -0.5, 1], [0, -0.5, 0], [0, -0.5, 1], [-0.707107, -0.5, 0.707107], [-1, -0.5, 0]],
    
    "cylinder":
        [[-1, -0.5, 0], [-0.707107, -0.5, -0.707107], [-0.707107, 0.5, -0.707107], [-1, 0.5, 0], [-1, -0.5, 0], [-0.707107, -0.5, 0.707107], [-0.707107, 0.5, 0.707107], [-1, 0.5, 0], [-0.707107, 0.5, 0.707107], [0, 0.5, 1], [0, -0.5, 1], [-0.707107, -0.5, 0.707107], [0, -0.5, 1], [0.707107, -0.5, 0.707107], [0.707107, 0.5, 0.707107], [0, 0.5, 1], [0.707107, 0.5, 0.707107], [1, 0.5, 0], [1, -0.5, 0], [0.707107, -0.5, 0.707107], [1, -0.5, 0], [1, 0.5, 0], [0.707107, 0.5, -0.707107], [0.707107, -0.5, -0.707107], [1, -0.5, 0], [0.707107, -0.5, -0.707107], [0, -0.5, -1], [0, 0.5, -1], [0.707107, 0.5, -0.707107], [0, 0.5, -1], [-0.707107, 0.5, -0.707107], [-0.707107, -0.5, -0.707107], [0, -0.5, -1]],